{"stats":{"minecraft:mined":{"minecraft:birch_log":6,"minecraft:iron_ore":50,"minecraft:andesite":9,"minecraft:crafting_table":1,"minecraft:glow_lichen":1,"minecraft:grass":1,"minecraft:pointed_dripstone":2,"minecraft:coal_ore":23,"minecraft:lapis_ore":5,"minecraft:stone":41,"minecraft:diorite":3},"minecraft:used":{"minecraft:stone_sword":9,"minecraft:stone_pickaxe":89,"minecraft:wooden_pickaxe":48,"minecraft:stone_axe":1,"minecraft:cobblestone":28,"minecraft:crafting_table":1,"minecraft:andesite":9,"minecraft:cooked_beef":2},"minecraft:dropped":{"minecraft:birch_planks":20,"minecraft:torch":4},"minecraft:picked_up":{"minecraft:birch_log":6,"minecraft:crafting_table":1,"minecraft:raw_iron":48,"minecraft:cooked_beef":8,"minecraft:andesite":9,"minecraft:torch":2,"minecraft:birch_planks":13,"minecraft:pointed_dripstone":2,"minecraft:diorite":3,"minecraft:lapis_lazuli":25,"minecraft:coal":23,"minecraft:cobblestone":42},"minecraft:killed":{"minecraft:skeleton":1,"minecraft:zombie":1},"minecraft:crafted":{"minecraft:crafting_table":1,"minecraft:stick":8,"minecraft:wooden_pickaxe":1,"minecraft:stone_pickaxe":1,"minecraft:stone_sword":1,"minecraft:torch":4,"minecraft:birch_planks":24,"minecraft:stone_axe":1},"minecraft:custom":{"minecraft:time_since_rest":24107,"minecraft:sprint_one_cm":33971,"minecraft:damage_taken":145,"minecraft:walk_one_cm":42147,"minecraft:mob_kills":2,"minecraft:drop":6,"minecraft:damage_dealt":356,"minecraft:interact_with_crafting_table":2,"minecraft:fly_one_cm":12829,"minecraft:crouch_one_cm":1280,"minecraft:play_time":24107,"minecraft:sneak_time":720,"minecraft:jump":272,"minecraft:walk_on_water_one_cm":376,"minecraft:time_since_death":24107,"minecraft:total_world_time":24107,"minecraft:fall_one_cm":6242}},"DataVersion":3465}