{"stats":{"minecraft:mined":{"minecraft:deepslate_diamond_ore":7,"minecraft:crafting_table":1,"minecraft:glow_lichen":1,"minecraft:cobblestone":2,"minecraft:lapis_ore":5,"minecraft:deepslate_gold_ore":3,"minecraft:diorite":3,"minecraft:birch_log":6,"minecraft:iron_ore":57,"minecraft:andesite":9,"minecraft:deepslate_lapis_ore":2,"minecraft:grass":1,"minecraft:pointed_dripstone":2,"minecraft:coal_ore":23,"minecraft:deepslate_iron_ore":6,"minecraft:stone":44,"minecraft:deepslate":9},"minecraft:used":{"minecraft:water_bucket":1,"minecraft:stone_sword":13,"minecraft:stone_pickaxe":115,"minecraft:wooden_pickaxe":48,"minecraft:iron_sword":14,"minecraft:torch":1,"minecraft:crafting_table":2,"minecraft:axolotl_bucket":1,"minecraft:iron_pickaxe":13,"minecraft:iron_helmet":1,"minecraft:iron_boots":1,"minecraft:stone_axe":1,"minecraft:cobblestone":39,"minecraft:andesite":9,"minecraft:bucket":2,"minecraft:cooked_beef":7,"minecraft:cobbled_deepslate":8},"minecraft:dropped":{"minecraft:birch_planks":26,"minecraft:raw_iron":52,"minecraft:torch":4},"minecraft:picked_up":{"minecraft:birch_log":6,"minecraft:crafting_table":2,"minecraft:iron_chestplate":1,"minecraft:cooked_beef":13,"minecraft:andesite":9,"minecraft:birch_planks":19,"minecraft:shield":1,"minecraft:lapis_lazuli":41,"minecraft:string":2,"minecraft:iron_leggings":1,"minecraft:bone":1,"minecraft:cobbled_deepslate":19,"minecraft:raw_gold":3,"minecraft:iron_ingot":1,"minecraft:iron_pickaxe":1,"minecraft:moss_block":2,"minecraft:iron_sword":1,"minecraft:iron_boots":1,"minecraft:raw_iron":61,"minecraft:torch":2,"minecraft:axolotl_bucket":1,"minecraft:pointed_dripstone":2,"minecraft:diorite":3,"minecraft:arrow":1,"minecraft:diamond":7,"minecraft:iron_helmet":1,"minecraft:coal":23,"minecraft:cobblestone":47},"minecraft:killed":{"minecraft:cave_spider":1,"minecraft:skeleton":2,"minecraft:zombie":2},"minecraft:crafted":{"minecraft:crafting_table":1,"minecraft:wooden_pickaxe":1,"minecraft:bucket":1,"minecraft:birch_planks":24,"minecraft:stone_axe":1,"minecraft:air":0,"minecraft:stick":8,"minecraft:iron_ingot":2,"minecraft:stone_pickaxe":1,"minecraft:stone_sword":1,"minecraft:torch":4},"minecraft:custom":{"minecraft:interact_with_furnace":2,"minecraft:mob_kills":5,"minecraft:interact_with_crafting_table":3,"minecraft:time_since_death":48107,"minecraft:climb_one_cm":286,"minecraft:time_since_rest":48107,"minecraft:sprint_one_cm":69764,"minecraft:damage_taken":506,"minecraft:walk_one_cm":115976,"minecraft:drop":9,"minecraft:damage_dealt":896,"minecraft:swim_one_cm":567,"minecraft:fly_one_cm":55944,"minecraft:crouch_one_cm":3434,"minecraft:play_time":48107,"minecraft:sneak_time":1564,"minecraft:walk_under_water_one_cm":229,"minecraft:jump":666,"minecraft:walk_on_water_one_cm":7303,"minecraft:total_world_time":48107,"minecraft:fall_one_cm":15433}},"DataVersion":3465}