{"stats":{"minecraft:mined":{"minecraft:birch_log":6,"minecraft:iron_ore":33,"minecraft:andesite":8,"minecraft:crafting_table":1,"minecraft:glow_lichen":1,"minecraft:grass":1,"minecraft:pointed_dripstone":2,"minecraft:coal_ore":1,"minecraft:lapis_ore":5,"minecraft:stone":27},"minecraft:used":{"minecraft:stone_pickaxe":47,"minecraft:wooden_pickaxe":33,"minecraft:stone_axe":1,"minecraft:cobblestone":3,"minecraft:crafting_table":1},"minecraft:dropped":{"minecraft:birch_planks":20,"minecraft:torch":2},"minecraft:picked_up":{"minecraft:birch_log":6,"minecraft:crafting_table":1,"minecraft:raw_iron":33,"minecraft:andesite":8,"minecraft:birch_planks":13,"minecraft:pointed_dripstone":2,"minecraft:lapis_lazuli":25,"minecraft:coal":1,"minecraft:cobblestone":27},"minecraft:crafted":{"minecraft:crafting_table":1,"minecraft:stick":8,"minecraft:wooden_pickaxe":1,"minecraft:stone_pickaxe":1,"minecraft:stone_sword":1,"minecraft:torch":4,"minecraft:birch_planks":24,"minecraft:stone_axe":1},"minecraft:custom":{"minecraft:time_since_rest":12107,"minecraft:sprint_one_cm":15095,"minecraft:damage_taken":30,"minecraft:walk_one_cm":23237,"minecraft:drop":4,"minecraft:damage_dealt":15,"minecraft:interact_with_crafting_table":2,"minecraft:fly_one_cm":5774,"minecraft:crouch_one_cm":792,"minecraft:play_time":12107,"minecraft:sneak_time":256,"minecraft:jump":126,"minecraft:time_since_death":12107,"minecraft:total_world_time":12107,"minecraft:fall_one_cm":3419}},"DataVersion":3465}