{"stats":{"minecraft:mined":{"minecraft:birch_log":6,"minecraft:iron_ore":54,"minecraft:andesite":9,"minecraft:crafting_table":1,"minecraft:glow_lichen":1,"minecraft:grass":1,"minecraft:pointed_dripstone":2,"minecraft:coal_ore":23,"minecraft:cobblestone":2,"minecraft:lapis_ore":5,"minecraft:stone":41,"minecraft:diorite":3},"minecraft:used":{"minecraft:stone_sword":13,"minecraft:stone_pickaxe":95,"minecraft:iron_helmet":1,"minecraft:wooden_pickaxe":48,"minecraft:iron_boots":1,"minecraft:stone_axe":1,"minecraft:torch":1,"minecraft:cobblestone":28,"minecraft:crafting_table":2,"minecraft:andesite":9,"minecraft:cooked_beef":5},"minecraft:dropped":{"minecraft:birch_planks":26,"minecraft:torch":4,"minecraft:raw_iron":52},"minecraft:picked_up":{"minecraft:birch_log":6,"minecraft:iron_chestplate":1,"minecraft:crafting_table":2,"minecraft:raw_iron":52,"minecraft:cooked_beef":13,"minecraft:andesite":9,"minecraft:torch":2,"minecraft:birch_planks":19,"minecraft:pointed_dripstone":2,"minecraft:diorite":3,"minecraft:shield":1,"minecraft:lapis_lazuli":25,"minecraft:iron_leggings":1,"minecraft:bone":1,"minecraft:arrow":1,"minecraft:iron_helmet":1,"minecraft:iron_ingot":1,"minecraft:iron_pickaxe":1,"minecraft:iron_sword":1,"minecraft:coal":23,"minecraft:iron_boots":1,"minecraft:cobblestone":44},"minecraft:killed":{"minecraft:skeleton":2,"minecraft:zombie":1},"minecraft:crafted":{"minecraft:crafting_table":1,"minecraft:stick":8,"minecraft:iron_ingot":2,"minecraft:wooden_pickaxe":1,"minecraft:stone_pickaxe":1,"minecraft:stone_sword":1,"minecraft:bucket":1,"minecraft:torch":4,"minecraft:birch_planks":24,"minecraft:stone_axe":1,"minecraft:air":0},"minecraft:custom":{"minecraft:time_since_rest":36107,"minecraft:interact_with_furnace":2,"minecraft:sprint_one_cm":53300,"minecraft:damage_taken":340,"minecraft:walk_one_cm":77594,"minecraft:mob_kills":3,"minecraft:drop":9,"minecraft:damage_dealt":556,"minecraft:interact_with_crafting_table":3,"minecraft:fly_one_cm":40507,"minecraft:crouch_one_cm":1357,"minecraft:play_time":36107,"minecraft:sneak_time":729,"minecraft:jump":474,"minecraft:walk_on_water_one_cm":1733,"minecraft:time_since_death":36107,"minecraft:total_world_time":36107,"minecraft:fall_one_cm":10600}},"DataVersion":3465}