{"stats":{"minecraft:mined":{"minecraft:birch_log":5,"minecraft:iron_ore":1,"minecraft:crafting_table":2,"minecraft:grass":1,"minecraft:grass_block":3,"minecraft:deepslate_iron_ore":1,"minecraft:dirt":14,"minecraft:stone":27,"minecraft:diorite":8,"minecraft:deepslate":1},"minecraft:used":{"minecraft:diorite":2,"minecraft:stone_pickaxe":22,"minecraft:birch_leaves":4,"minecraft:wooden_pickaxe":34,"minecraft:stone_axe":1,"minecraft:dirt":17,"minecraft:cobblestone":18,"minecraft:crafting_table":2,"alexsmobs:animal_dictionary":1,"minecraft:cooked_beef":3,"minecraft:cobbled_deepslate":1},"minecraft:dropped":{"alexsmobs:animal_dictionary":1,"pfm:furniture_book":1,"minecraft:wooden_pickaxe":1},"minecraft:picked_up":{"minecraft:birch_log":5,"minecraft:raw_iron":2,"minecraft:crafting_table":2,"minecraft:torch":2,"minecraft:birch_planks":7,"minecraft:diorite":8,"minecraft:dirt":17,"minecraft:cobbled_deepslate":1,"minecraft:cobblestone":26},"minecraft:crafted":{"minecraft:crafting_table":1,"minecraft:stick":12,"minecraft:wooden_pickaxe":1,"minecraft:stone_pickaxe":1,"minecraft:stone_sword":1,"minecraft:birch_planks":20,"minecraft:stone_axe":1},"minecraft:custom":{"minecraft:time_since_rest":26192,"minecraft:sprint_one_cm":18416,"minecraft:damage_taken":230,"minecraft:walk_one_cm":30997,"minecraft:drop":3,"minecraft:damage_dealt":30,"minecraft:swim_one_cm":3714,"minecraft:interact_with_crafting_table":5,"minecraft:fly_one_cm":22670,"minecraft:crouch_one_cm":4166,"minecraft:play_time":26192,"minecraft:sneak_time":2260,"minecraft:walk_under_water_one_cm":1383,"minecraft:jump":351,"minecraft:leave_game":2,"minecraft:time_since_death":26192,"minecraft:walk_on_water_one_cm":1562,"minecraft:total_world_time":26192,"minecraft:fall_one_cm":10522}},"DataVersion":3465}