{"stats":{"minecraft:mined":{"minecraft:birch_log":5,"minecraft:iron_ore":20,"minecraft:andesite":3,"minecraft:torch":5,"minecraft:crafting_table":2,"minecraft:grass":1,"minecraft:coal_ore":22,"minecraft:grass_block":3,"minecraft:deepslate_iron_ore":1,"minecraft:dirt":14,"minecraft:lapis_ore":1,"minecraft:stone":59,"minecraft:diorite":15,"minecraft:deepslate":1},"minecraft:used":{"minecraft:diorite":15,"minecraft:stone_sword":28,"minecraft:stone_pickaxe":108,"minecraft:birch_leaves":4,"minecraft:wooden_pickaxe":34,"minecraft:stone_axe":1,"minecraft:torch":5,"minecraft:dirt":17,"minecraft:cobblestone":35,"minecraft:crafting_table":2,"minecraft:andesite":3,"alexsmobs:animal_dictionary":1,"minecraft:cooked_beef":10,"minecraft:cobbled_deepslate":1},"minecraft:dropped":{"minecraft:cooked_beef":8,"alexsmobs:animal_dictionary":1,"pfm:furniture_book":1,"minecraft:stone_pickaxe":1,"minecraft:wooden_pickaxe":1},"minecraft:picked_up":{"minecraft:birch_log":5,"minecraft:raw_iron":23,"minecraft:crafting_table":2,"minecraft:andesite":3,"minecraft:torch":7,"minecraft:birch_planks":7,"minecraft:diorite":15,"minecraft:gunpowder":2,"minecraft:lapis_lazuli":6,"minecraft:dirt":17,"minecraft:arrow":1,"minecraft:rotten_flesh":1,"minecraft:bow":1,"minecraft:cobbled_deepslate":1,"minecraft:stone_pickaxe":1,"minecraft:coal":22,"minecraft:cobblestone":57},"minecraft:killed":{"minecraft:skeleton":2,"minecraft:zombie":2,"minecraft:spider":1,"minecraft:creeper":1},"minecraft:crafted":{"minecraft:crafting_table":1,"minecraft:stick":12,"minecraft:wooden_pickaxe":1,"minecraft:stone_pickaxe":1,"minecraft:stone_sword":1,"minecraft:birch_planks":20,"minecraft:stone_axe":1},"minecraft:custom":{"minecraft:time_since_rest":38192,"minecraft:sprint_one_cm":42136,"minecraft:damage_taken":775,"minecraft:walk_one_cm":62197,"minecraft:mob_kills":6,"minecraft:drop":5,"minecraft:damage_dealt":1206,"minecraft:swim_one_cm":3714,"minecraft:interact_with_crafting_table":5,"minecraft:fly_one_cm":47804,"minecraft:crouch_one_cm":8821,"minecraft:play_time":38192,"minecraft:sneak_time":4329,"minecraft:walk_under_water_one_cm":1383,"minecraft:jump":642,"minecraft:leave_game":2,"minecraft:time_since_death":38192,"minecraft:walk_on_water_one_cm":1737,"minecraft:total_world_time":38192,"minecraft:fall_one_cm":18719}},"DataVersion":3465}