{"stats":{"minecraft:custom":{"minecraft:jump":121,"minecraft:time_since_rest":15228,"minecraft:crouch_one_cm":164,"minecraft:leave_game":2,"minecraft:play_time":15228,"minecraft:sprint_one_cm":7691,"minecraft:damage_taken":20,"minecraft:time_since_death":15228,"minecraft:walk_one_cm":7687,"minecraft:sneak_time":33,"minecraft:total_world_time":15228,"minecraft:fall_one_cm":2784,"minecraft:fly_one_cm":15751},"minecraft:used":{"alexsmobs:animal_dictionary":1,"minecraft:cooked_beef":1,"minecraft:birch_leaves":4}},"DataVersion":3465}