{"stats":{"minecraft:mined":{"minecraft:crafting_table":3,"minecraft:torch":6,"minecraft:grass_block":3,"minecraft:lapis_ore":1,"minecraft:diorite":15,"minecraft:wall_torch":4,"minecraft:furnace":2,"minecraft:birch_log":5,"minecraft:iron_ore":20,"minecraft:andesite":3,"minecraft:grass":1,"minecraft:coal_ore":22,"minecraft:deepslate_iron_ore":1,"minecraft:dirt":14,"minecraft:stone":76,"minecraft:deepslate":1},"minecraft:used":{"minecraft:diorite":15,"minecraft:stone_sword":34,"minecraft:birch_leaves":4,"minecraft:stone_pickaxe":126,"minecraft:wooden_pickaxe":34,"minecraft:iron_sword":16,"minecraft:iron_chestplate":1,"minecraft:torch":9,"minecraft:dirt":17,"minecraft:crafting_table":3,"minecraft:granite":3,"minecraft:iron_pickaxe":1,"minecraft:iron_helmet":1,"minecraft:stone_axe":3,"minecraft:cobblestone":35,"minecraft:furnace":5,"minecraft:andesite":3,"alexsmobs:animal_dictionary":1,"minecraft:cooked_beef":14,"minecraft:cobbled_deepslate":1},"minecraft:dropped":{"minecraft:iron_ingot":1,"minecraft:iron_sword":1,"minecraft:cooked_beef":13,"minecraft:stone_sword":1,"alexsmobs:animal_dictionary":1,"minecraft:iron_helmet":1,"minecraft:iron_boots":1,"minecraft:shield":1,"minecraft:iron_chestplate":1,"minecraft:iron_leggings":1,"pfm:furniture_book":1,"minecraft:wooden_pickaxe":1,"minecraft:stone_pickaxe":2,"minecraft:iron_pickaxe":2},"minecraft:picked_up":{"minecraft:birch_log":5,"minecraft:crafting_table":3,"minecraft:andesite":3,"minecraft:birch_planks":7,"minecraft:gunpowder":2,"minecraft:lapis_lazuli":6,"minecraft:dirt":19,"minecraft:bone":2,"minecraft:bow":1,"minecraft:cobbled_deepslate":1,"minecraft:iron_ingot":4,"minecraft:stone_pickaxe":1,"minecraft:iron_pickaxe":1,"minecraft:furnace":3,"minecraft:raw_iron":89,"minecraft:torch":12,"minecraft:diorite":15,"minecraft:arrow":1,"minecraft:rotten_flesh":2,"minecraft:granite":3,"minecraft:coal":44,"minecraft:cobblestone":74},"minecraft:killed":{"minecraft:spider":1,"minecraft:creeper":1,"minecraft:skeleton":5,"minecraft:zombie":3},"minecraft:crafted":{"minecraft:crafting_table":1,"minecraft:wooden_pickaxe":1,"minecraft:iron_helmet":2,"minecraft:iron_sword":2,"minecraft:furnace":3,"minecraft:bucket":1,"minecraft:birch_planks":20,"minecraft:stone_axe":1,"minecraft:air":0,"minecraft:iron_boots":2,"minecraft:iron_chestplate":2,"minecraft:shield":2,"minecraft:stick":16,"minecraft:iron_ingot":67,"minecraft:iron_pickaxe":2,"minecraft:stone_pickaxe":1,"minecraft:stone_sword":1,"minecraft:iron_leggings":2},"minecraft:custom":{"minecraft:interact_with_furnace":46,"minecraft:mob_kills":10,"minecraft:interact_with_crafting_table":19,"minecraft:leave_game":2,"minecraft:time_since_death":50192,"minecraft:time_since_rest":50192,"minecraft:sprint_one_cm":57484,"minecraft:damage_taken":1136,"minecraft:walk_one_cm":84391,"minecraft:drop":21,"minecraft:damage_dealt":1996,"minecraft:swim_one_cm":3714,"minecraft:fly_one_cm":73231,"minecraft:crouch_one_cm":10309,"minecraft:play_time":50192,"minecraft:sneak_time":4857,"minecraft:walk_under_water_one_cm":1383,"minecraft:jump":820,"minecraft:walk_on_water_one_cm":2365,"minecraft:total_world_time":50192,"minecraft:fall_one_cm":26648}},"DataVersion":3465}