{"stats":{"minecraft:mined":{"minecraft:crafting_table":4,"minecraft:torch":6,"minecraft:cave_vines_plant":1,"minecraft:grass_block":3,"minecraft:lapis_ore":4,"minecraft:moss_block":2,"minecraft:diorite":15,"minecraft:wall_torch":5,"minecraft:furnace":2,"minecraft:birch_log":5,"minecraft:iron_ore":32,"minecraft:andesite":3,"minecraft:grass":2,"minecraft:coal_ore":22,"minecraft:deepslate_iron_ore":6,"minecraft:dirt":14,"minecraft:stone":80,"minecraft:deepslate":5},"minecraft:used":{"minecraft:diorite":15,"minecraft:stone_sword":34,"minecraft:birch_leaves":4,"minecraft:stone_pickaxe":126,"minecraft:wooden_pickaxe":34,"minecraft:iron_sword":47,"minecraft:iron_chestplate":1,"minecraft:torch":11,"minecraft:dirt":17,"minecraft:crafting_table":4,"minecraft:axolotl_bucket":1,"minecraft:granite":3,"minecraft:iron_pickaxe":30,"minecraft:iron_helmet":1,"minecraft:stone_axe":4,"minecraft:cobblestone":35,"minecraft:furnace":5,"minecraft:bucket":2,"minecraft:andesite":3,"alexsmobs:animal_dictionary":1,"minecraft:cooked_beef":17,"minecraft:cobbled_deepslate":6},"minecraft:dropped":{"minecraft:iron_ingot":1,"minecraft:iron_sword":1,"minecraft:cooked_beef":13,"minecraft:stone_sword":1,"alexsmobs:animal_dictionary":1,"minecraft:iron_helmet":1,"minecraft:iron_boots":1,"minecraft:shield":1,"minecraft:iron_chestplate":1,"minecraft:iron_leggings":1,"pfm:furniture_book":1,"minecraft:axolotl_bucket":1,"minecraft:wooden_pickaxe":1,"minecraft:stone_pickaxe":2,"minecraft:iron_pickaxe":2},"minecraft:picked_up":{"minecraft:birch_log":5,"minecraft:crafting_table":4,"minecraft:andesite":3,"minecraft:birch_planks":7,"minecraft:gunpowder":2,"minecraft:lapis_lazuli":23,"minecraft:dirt":19,"minecraft:bone":6,"minecraft:bow":1,"minecraft:cobbled_deepslate":10,"minecraft:raw_gold":1,"minecraft:iron_ingot":4,"minecraft:stone_pickaxe":1,"minecraft:iron_pickaxe":1,"minecraft:furnace":3,"minecraft:raw_iron":106,"minecraft:torch":14,"minecraft:diorite":15,"minecraft:arrow":8,"minecraft:rotten_flesh":5,"minecraft:granite":3,"minecraft:coal":44,"minecraft:cobblestone":78},"minecraft:killed":{"minecraft:spider":1,"minecraft:creeper":1,"minecraft:skeleton":9,"minecraft:zombie":5},"minecraft:crafted":{"minecraft:crafting_table":1,"minecraft:wooden_pickaxe":1,"minecraft:iron_helmet":2,"minecraft:iron_sword":2,"minecraft:furnace":3,"minecraft:bucket":2,"minecraft:birch_planks":20,"minecraft:stone_axe":1,"minecraft:air":0,"minecraft:iron_boots":2,"minecraft:iron_chestplate":2,"minecraft:shield":2,"minecraft:stick":16,"minecraft:iron_ingot":67,"minecraft:iron_pickaxe":2,"minecraft:stone_pickaxe":1,"minecraft:stone_sword":1,"minecraft:iron_leggings":2},"minecraft:custom":{"minecraft:interact_with_furnace":46,"minecraft:mob_kills":17,"minecraft:interact_with_crafting_table":20,"minecraft:leave_game":2,"minecraft:time_since_death":62192,"minecraft:climb_one_cm":180,"minecraft:time_since_rest":62192,"minecraft:sprint_one_cm":86721,"minecraft:damage_taken":1292,"minecraft:walk_one_cm":116479,"minecraft:drop":22,"minecraft:damage_dealt":3700,"minecraft:swim_one_cm":3714,"minecraft:fly_one_cm":125177,"minecraft:crouch_one_cm":12462,"minecraft:play_time":62192,"minecraft:sneak_time":5521,"minecraft:walk_under_water_one_cm":1383,"minecraft:jump":1263,"minecraft:walk_on_water_one_cm":4389,"minecraft:total_world_time":62192,"minecraft:fall_one_cm":40574}},"DataVersion":3465}